{"Epoch": 2, "loss": 11.053303718566895, "acc@1": 0.78125, "acc@5": 3.125, "_timestamp": 1708225501, "_runtime": 220, "_step": 2}