{"Epoch": 7, "loss": 10.17354965209961, "acc@1": 0.2604166865348816, "acc@5": 0.3968254327774048, "_timestamp": 1708226598, "_runtime": 542, "_step": 7}