{"Epoch": 2, "loss": 11.056432723999023, "acc@1": 0.0, "acc@5": 2.34375, "_timestamp": 1708225501, "_runtime": 220, "_step": 2}