{"Epoch": 2, "loss": 11.052828788757324, "acc@1": 0.78125, "acc@5": 3.90625, "_timestamp": 1708225501, "_runtime": 220, "_step": 2}